name,id,state
Jian 1,1,1
Jian 2,2,1
Jian 3,3,1
Jian 4,4,1
Jian 5,5,1
Jian 6,6,1
Jian 7,7,1
Jian 8,8,1
Jian 9,9,1
Jian 10,10,1
Jian 11,11,1
Jian 12,12,1
Jian 13,13,1
Jian 14,14,1
Jian 15,15,1
Jian 16,16,1
Jian 17,17,1
Jian 18,18,1
Jian 19,19,1
Jian 20,20,1
Jian 21,21,1
Jian 22,22,1
Jian 23,23,1
Jian 24,24,1
Jian 25,25,1
Jian 26,26,1
Jian 27,27,1
Jian 28,28,1
Jian 29,29,1
Jian 30,30,1
Jian 31,31,1
Jian 32,32,1
Jian 33,33,1
Jian 34,34,1
Jian 35,35,1
Jian 36,36,1
Jian 37,37,1
Jian 38,38,1
Jian 39,39,1
